{
  "width": 1280,
  "height": 800,
  "k": [
    537.0237350463867,
    0.0,
    640.0,
    0.0,
    537.0237827301025,
    400.0,
    0.0,
    0.0,
    1.0
  ],
  "d": [
    0.0,
    0.0,
    0.0,
    0.0,
    0.0
  ],
  "frame_id": "ackermann/vla_camera_optical"
}